id,name,gender,city,age
1,Austin Vo,female,Phoenix,55
2,Leonardo Dixon,male,Seattle,37
3,Wyatt Chin,female,Seattle,43
4,Angel Powell,male,Seattle,61
5,Jackson Perry,female,Phoenix,27
6,John Moore,male,Seattle,52
7,Gabriel Holmes,female,Seattle,40
8,Dominic Clark,male,Phoenix,52
9,Christian Sanders,female,Seattle,45
10,William Foster,male,Phoenix,58
11,David Chu,female,Seattle,55
12,Samuel Morales,male,Phoenix,34
13,John Soto,female,Phoenix,60
14,Matthew Chau,male,Seattle,53
15,Ezekiel Desai,female,Seattle,42
16,Alexander Bryant,male,Seattle,30
17,Elias Figueroa,female,Phoenix,45
18,Jack Brown,male,Phoenix,55
19,Jonathan Chavez,female,Seattle,29
20,Elijah Kang,male,Seattle,35
21,Daniel Jordan,female,Phoenix,58
22,Elijah Watson,male,Seattle,29
23,Wesley Gray,female,Seattle,62
24,Thomas Aguilar,male,Phoenix,45
25,Liam Grant,female,Phoenix,30
26,Adam Espinoza,male,Seattle,36
27,Cooper Mitchell,female,Seattle,43
28,Carter Reed,male,Seattle,40
29,Charles Robinson,female,Seattle,26
30,Ezra Simmons,male,Phoenix,38
31,Connor Grant,female,Seattle,27
32,Robert Edwards,male,Seattle,62
33,Dylan Padilla,female,Seattle,31
34,Nathan Pham,male,Seattle,45
35,Connor Fong,female,Seattle,40
36,Cameron Young,male,Seattle,63
37,Grayson Walker,female,Seattle,29
38,Leo Owens,male,Seattle,47
39,Lucas Ramos,female,Phoenix,56
40,Santiago f Gonzalez,male,Seattle,36
41,Dylan Thao,female,Seattle,53
42,Ian Ngo,male,Phoenix,52
43,Jose Brown,female,Seattle,43
44,Benjamin Ford,male,Phoenix,31
45,Maverick Mehta,female,Seattle,40
46,Nicholas Brooks,male,Phoenix,43
47,Wesley Adams,female,Seattle,48
48,Matthew Lim,male,Seattle,52
49,Roman Yang,female,Phoenix,42
50,Kai Flores,male,Seattle,55
1,Austin Vo,female,Phoenix,55
2,Leonardo Dixon,male,Seattle,37
3,Wyatt Chin,female,Seattle,43
4,Angel Powell,male,Seattle,61
5,Jackson Perry,female,Phoenix,27
6,John Moore,male,Seattle,52
7,Gabriel Holmes,female,Seattle,40
8,Dominic Clark,male,Phoenix,52
9,Christian Sanders,female,Seattle,45
10,William Foster,male,Phoenix,58
11,David Chu,female,Seattle,55
12,Samuel Morales,male,Phoenix,34
13,John Soto,female,Phoenix,60
14,Matthew Chau,male,Seattle,53
15,Ezekiel Desai,female,Seattle,42
16,Alexander Bryant,male,Seattle,30
17,Elias Figueroa,female,Phoenix,45
18,Jack Brown,male,Phoenix,55
19,Jonathan Chavez,female,Seattle,29
20,Elijah Kang,male,Seattle,35
21,Daniel Jordan,female,Phoenix,58
22,Elijah Watson,male,Seattle,29
23,Wesley Gray,female,Seattle,62
24,Thomas Aguilar,male,Phoenix,45
25,Liam Grant,female,Phoenix,30
26,Adam Espinoza,male,Seattle,36
27,Cooper Mitchell,female,Seattle,43
28,Carter Reed,male,Seattle,40
29,Charles Robinson,female,Seattle,26
30,Ezra Simmons,male,Phoenix,38
31,Connor Grant,female,Seattle,27
32,Robert Edwards,male,Seattle,62
33,Dylan Padilla,female,Seattle,31
34,Nathan Pham,male,Seattle,45
35,Connor Fong,female,Seattle,40
36,Cameron Young,male,Seattle,63
37,Grayson Walker,female,Seattle,29
38,Leo Owens,male,Seattle,47
39,Lucas Ramos,female,Phoenix,56
40,Santiago f Gonzalez,male,Seattle,36
41,Dylan Thao,female,Seattle,53
42,Ian Ngo,male,Phoenix,52
43,Jose Brown,female,Seattle,43
44,Benjamin Ford,male,Phoenix,31
45,Maverick Mehta,female,Seattle,40
46,Nicholas Brooks,male,Phoenix,43
47,Wesley Adams,female,Seattle,48
48,Matthew Lim,male,Seattle,52
49,Roman Yang,female,Phoenix,42
50,Kai Flores,male,Seattle,55
